id,brand,text,rating,date,source,source_type,url,clean_text,brand_relevant,sentiment,score
f7e8a0d1-85f0-42d1-9a75-9b9d282193a6,Ibom Air,it's is nice and easy to use,5,2026-09-28,Google Play,Customer Review,https://play.google.com/store/apps/details?id=com.hititcs.ibomair&hl=en&gl=ng,it's is nice and easy to use,True,Positive,3
c9c10b8a-98b9-4b9a-bf41-cb7fd637e596,Ibom Air,Nice,5,2026-08-15,Google Play,Customer Review,https://play.google.com/store/apps/details?id=com.hititcs.ibomair&hl=en&gl=ng,nice,True,Positive,1
ad7062ee-4607-4bd9-8004-a13e5202cb40,Ibom Air,wonderful airline 🫂❤️,5,2026-06-02,Google Play,Customer Review,https://play.google.com/store/apps/details?id=com.hititcs.ibomair&hl=en&gl=ng,wonderful airline love,True,Positive,4
c3422991-5673-4af6-aeaa-b79721dc318b,Ibom Air,"How I wish I could rate you people even lower than this. I booked a flight from Abuja to Uyo, yet no reservation or ticket was issued after payment. In this digital age, it’s shocking that your company still operates this poorly. Your payment platform and app are unreliable and need urgent improvement. Customers should not go through this much stress just to confirm a booking. Use a better payment system and stop wasting people’s time. It took me so much stress and frustration just to get my mon",1,2026-05-23,Google Play,Customer Review,https://play.google.com/store/apps/details?id=com.hititcs.ibomair&hl=en&gl=ng,how i wish i could rate you people even lower than this i booked a flight from abuja to uyo yet no reservation or ticket was issued after payment in this digital age it's shocking that your company still operates this poorly your payment platform and app are unreliable and need urgent improvement customers should not go through this much stress just to confirm a booking use a better payment system and stop wasting people's time it took me so much stress and frustration just to get my mon,True,Negative,-5
82e5a237-7d14-4da4-b41c-d42f3d528914,Ibom Air,Unah de try reduce money abeg nah 5 star I give unah ooo,5,2026-04-14,Google Play,Customer Review,https://play.google.com/store/apps/details?id=com.hititcs.ibomair&hl=en&gl=ng,unah de try reduce money abeg nah 5 star i give unah oo,True,Neutral,0
4d8a0110-c480-4175-b963-0e7d50b85f0a,Ibom Air,"App was working fine until I was prompted to update it just yesterday. After the update, I am unable to search for a single available flight without getting an error message. Uninstalled and forgotten.",1,2025-12-09,Google Play,Customer Review,https://play.google.com/store/apps/details?id=com.hititcs.ibomair&hl=en&gl=ng,app was working fine until i was prompted to update it just yesterday after the update i am unable to search for a single available flight without getting an error message uninstalled and forgotten,True,Neutral,0
98627ae6-deb6-41ff-a8e0-18d0fae8f435,Ibom Air,Fix the bug on your app. The recent update displays error on login,1,2025-12-09,Google Play,Customer Review,https://play.google.com/store/apps/details?id=com.hititcs.ibomair&hl=en&gl=ng,fix the bug on your app the recent update displays error on login,True,Negative,-2
05e7645b-2a9c-4df8-b3c0-4363c7987e18,Ibom Air,can't log in,1,2025-12-04,Google Play,Customer Review,https://play.google.com/store/apps/details?id=com.hititcs.ibomair&hl=en&gl=ng,can't log in,True,Negative,-2
fc2b422d-8f9a-40d6-950a-df4ed4932d1b,Ibom Air,Everything about ibom is excellent even the state as well.,5,2025-10-26,Google Play,Customer Review,https://play.google.com/store/apps/details?id=com.hititcs.ibomair&hl=en&gl=ng,everything about ibom is excellent even the state as well,True,Positive,2
ec4a0b48-3735-455c-b55d-01f4441ab154,Ibom Air,Nice 👍,5,2025-10-16,Google Play,Customer Review,https://play.google.com/store/apps/details?id=com.hititcs.ibomair&hl=en&gl=ng,nice good,True,Positive,2
b400c575-2033-4a2d-b01e-6faf21715866,Ibom Air,"I made a booking and paid almost immediately yesterday being 7th of August 2025 on your app for a flight on September 14th from calabar to Lagos only to receive a mail from you some minutes ago that the booking has been cancelled even after payment has been made and deducted. I have payment receipt evidence and even screen shots of the booking I made yesterday on your app. please do help attend to this as, its a matter of great urgency. thanks",1,2025-08-08,Google Play,Customer Review,https://play.google.com/store/apps/details?id=com.hititcs.ibomair&hl=en&gl=ng,i made a booking and paid almost immediately yesterday being 7th of august 2025 on your app for a flight on september 14th from calabar to lagos only to receive a mail from you some minutes ago that the booking has been cancelled even after payment has been made and deducted i have payment receipt evidence and even screen shots of the booking i made yesterday on your app please do help attend to this as its a matter of great urgency thanks,True,Neutral,0
12335498-5fdc-47e4-b175-f17a87e0c2eb,Ibom Air,It should support dark mode,4,2025-07-11,Google Play,Customer Review,https://play.google.com/store/apps/details?id=com.hititcs.ibomair&hl=en&gl=ng,it should support dark mode,True,Neutral,0
4ec9246c-5bb8-4de5-9290-501267f265a5,Ibom Air,"i can't login after filling my details, asking me my first name, i know my first name now...Am tried",1,2025-07-05,Google Play,Customer Review,https://play.google.com/store/apps/details?id=com.hititcs.ibomair&hl=en&gl=ng,i can't login after filling my details asking me my first name i know my first name now am tried,True,Negative,-2
2f1aca98-f3d8-495d-8b01-5b35e89352b1,Ibom Air,"Sleek and user friendly, more touch up are still happening and soon it will be one of the best airlines apps in the region. Highly recommended for both to-be and existing passengers. 👍 Ibom Air.",4,2025-07-03,Google Play,Customer Review,https://play.google.com/store/apps/details?id=com.hititcs.ibomair&hl=en&gl=ng,sleek and user friendly more touch up are still happening and soon it will be one of the best airlines apps in the region highly recommended for both to be and existing passengers good ibom air,True,Positive,7
f13a8958-c9fb-4a4f-a51a-5153ce6225da,Ibom Air,"Makes life easier. keep working on it, guys! Almost there.",4,2025-07-02,Google Play,Customer Review,https://play.google.com/store/apps/details?id=com.hititcs.ibomair&hl=en&gl=ng,makes life easier keep working on it guys almost there,True,Neutral,0
47281da5-9406-41c9-a6b5-7f8c084f7763,Ibom Air,It is so seamless. Kudos Ibom Air,5,2025-07-01,Google Play,Customer Review,https://play.google.com/store/apps/details?id=com.hititcs.ibomair&hl=en&gl=ng,it is so seamless kudos ibom air,True,Positive,4
7d7896b4-875e-4762-af5c-585fc51113b5,Ibom Air,great UI and easy to navigate,5,2025-06-27,Google Play,Customer Review,https://play.google.com/store/apps/details?id=com.hititcs.ibomair&hl=en&gl=ng,great ui and easy to navigate,True,Positive,2
01db6b56-206f-4fe9-986f-c923e0cfff27,Ibom Air,"Can't register on the app, it keeps saying that the 'title cannot be blank' yet there is no provion for you to select title. I believe this is a bug please fix and you'll get a 5star.",1,2025-06-25,Google Play,Customer Review,https://play.google.com/store/apps/details?id=com.hititcs.ibomair&hl=en&gl=ng,can't register on the app it keeps saying that the 'title cannot be blank' yet there is no provion for you to select title i believe this is a bug please fix and you'll get a 5star,True,Negative,-5
1f1a8031-d0c7-4cdb-9d1d-203c4f0f0c61,Ibom Air,Can't sign up... Input all required informations & it saying I can't leave title open...,1,2025-06-24,Google Play,Customer Review,https://play.google.com/store/apps/details?id=com.hititcs.ibomair&hl=en&gl=ng,can't sign up input all required informations it saying i can't leave title open,True,Neutral,0
804f9ce8-77bb-4e63-befc-f207830af411,Ibom Air,Poor I type in my name you are telling me my name is not correct 😡 y'all should work on it it annoying y'all didn't make a proper run through,1,2025-06-22,Google Play,Customer Review,https://play.google.com/store/apps/details?id=com.hititcs.ibomair&hl=en&gl=ng,poor i type in my name you are telling me my name is not correct angry y'all should work on it it annoying y'all didn't make a proper run through,True,Negative,-1
16a078d8-9a48-41c9-902f-6f2dc6746bf8,Ibom Air,Quick response and legit,4,2025-06-19,Google Play,Customer Review,https://play.google.com/store/apps/details?id=com.hititcs.ibomair&hl=en&gl=ng,quick response and legit,True,Positive,2
