id,brand,text,rating,date,source,source_type,url
82db2660-ba76-41a7-825f-7b5972e19784,Chicken Republic,the app is not working at all,1,2026-10-03,Google Play,Customer Review,https://play.google.com/store/apps/details?id=com.republic.dash.app&hl=en&gl=ng
1a816850-d97b-4490-8abe-94152b084537,Chicken Republic,the app isn't working,1,2026-10-02,Google Play,Customer Review,https://play.google.com/store/apps/details?id=com.republic.dash.app&hl=en&gl=ng
ac408595-a965-4b8b-8c3b-f97e257f2fe8,Chicken Republic,"I am stuck on the first stage which entails selecting your location, the app is not responding to using my phone's location and the continue button doesn't even activate after I manually type my location",1,2026-09-28,Google Play,Customer Review,https://play.google.com/store/apps/details?id=com.republic.dash.app&hl=en&gl=ng
8c187561-ac20-44bf-83b3-a08a14e72579,Chicken Republic,"Updating your current location doesn't work. Even when you try to type it in manually, it still doesn't work",1,2026-09-26,Google Play,Customer Review,https://play.google.com/store/apps/details?id=com.republic.dash.app&hl=en&gl=ng
f305f8d2-a0a9-4b3b-bddd-5c67a356ff0c,Chicken Republic,The app is not working,1,2026-09-23,Google Play,Customer Review,https://play.google.com/store/apps/details?id=com.republic.dash.app&hl=en&gl=ng
31bcee5c-b866-4c36-b477-c91a4a7ef4f2,Chicken Republic,I have never been able to complete an order successfully. It's been one issue or the other.,1,2026-09-14,Google Play,Customer Review,https://play.google.com/store/apps/details?id=com.republic.dash.app&hl=en&gl=ng
b573522c-c0c5-417f-aa1e-49dd9be5fbba,Chicken Republic,I have been trying to open this app since today after inputting my location it will continue loading non stop,1,2026-09-04,Google Play,Customer Review,https://play.google.com/store/apps/details?id=com.republic.dash.app&hl=en&gl=ng
e65c5749-e3fb-494c-b0d2-2b816f6f0f6c,Chicken Republic,Hands down one of the worst user experiences I've had across apps this year. There's a recursive verification process that leads you nowhere and the otp never comes,1,2026-08-21,Google Play,Customer Review,https://play.google.com/store/apps/details?id=com.republic.dash.app&hl=en&gl=ng
1ec0dc28-c8d9-4ffc-8f6e-9a28139ab8fb,Chicken Republic,"glitchy. when you tap search, it starts glitching your phone",2,2026-08-15,Google Play,Customer Review,https://play.google.com/store/apps/details?id=com.republic.dash.app&hl=en&gl=ng
e2a40df9-4d76-4788-8465-0b557217db03,Chicken Republic,this app is still in the testing phase. shouldn't have been rolled out for public use yet,1,2026-07-21,Google Play,Customer Review,https://play.google.com/store/apps/details?id=com.republic.dash.app&hl=en&gl=ng
40c4191e-afb9-48fb-94cf-facc27b38433,Chicken Republic,The app can no longer receive orders. It keeps saying all riders are out.,1,2026-05-14,Google Play,Customer Review,https://play.google.com/store/apps/details?id=com.republic.dash.app&hl=en&gl=ng
395472a4-fe64-4fec-a580-c11626143201,Chicken Republic,The app won't let me order and keeps asking to verify my email and phone number after doing so multiple times. terrible app,1,2026-05-01,Google Play,Customer Review,https://play.google.com/store/apps/details?id=com.republic.dash.app&hl=en&gl=ng
7c518ce9-fab1-49ba-ae4f-ba1052bd6fcf,Chicken Republic,is it by force to create app.. very bad experience at first order just 2 pie took forever and surfers heat of life with no excuses or apology deleting immediately after rating..,1,2026-01-22,Google Play,Customer Review,https://play.google.com/store/apps/details?id=com.republic.dash.app&hl=en&gl=ng
6138d9e5-69a1-436b-ba65-564769b98112,Chicken Republic,"once, they instruct you on what to do it get easier and the delivery is fast",5,2026-01-03,Google Play,Customer Review,https://play.google.com/store/apps/details?id=com.republic.dash.app&hl=en&gl=ng
b490beae-f94c-4134-8581-d9d52b5cc14b,Chicken Republic,"can't use it both on website and app. after putting in the address they still ask for house number and street, what do you think my address is made up of??",1,2025-12-02,Google Play,Customer Review,https://play.google.com/store/apps/details?id=com.republic.dash.app&hl=en&gl=ng
9e262fd4-a874-45e7-af97-112627a0fb60,Chicken Republic,I give it 1 stars it just wasted my time I couldn't even register 😭😭,1,2025-11-29,Google Play,Customer Review,https://play.google.com/store/apps/details?id=com.republic.dash.app&hl=en&gl=ng
7a7fa1c1-2fbe-47c3-9a55-d930b2fcad76,Chicken Republic,it is not checking in my address,1,2025-11-28,Google Play,Customer Review,https://play.google.com/store/apps/details?id=com.republic.dash.app&hl=en&gl=ng
c0480f99-f22c-46ee-b691-2c685fb941ef,Chicken Republic,I❤️❤️❤️❤️🥺😘😘💋💋💋💋💗💋💗💞💕💞💞💕💕💖💖💖💖💖🥳🥳🥳it,5,2025-11-02,Google Play,Customer Review,https://play.google.com/store/apps/details?id=com.republic.dash.app&hl=en&gl=ng
ae2d0b60-2558-4ee1-9d72-424dd77f1544,Chicken Republic,"please sack everyone that is on the building and maintenance of the app because what the heck ? why is so bad after update, is that not what is meant to make it better but instead it's worse.. so many bugs i can't login because of what everything is just glitching if you guy's don't wanna take the app seriously the scrape it out.",1,2025-11-02,Google Play,Customer Review,https://play.google.com/store/apps/details?id=com.republic.dash.app&hl=en&gl=ng
004985de-9f5d-4ae8-8445-500cfbe28c41,Chicken Republic,"i rated it 5 so you can see my review. the update made the app worse. I've had food delivered to my address multiple times and for some reason, the same address has no house number assigned to it. so I can't have anything delivered. Terrible Terrible",5,2025-10-30,Google Play,Customer Review,https://play.google.com/store/apps/details?id=com.republic.dash.app&hl=en&gl=ng
fd541fff-00a4-4fb8-96d1-d6c5e6567db5,Chicken Republic,I like how reliable the delivery timing is.,5,2025-10-27,Google Play,Customer Review,https://play.google.com/store/apps/details?id=com.republic.dash.app&hl=en&gl=ng
492af54f-5bea-4626-ac8b-da486bdab8de,Chicken Republic,using the app was very smooth,5,2025-10-24,Google Play,Customer Review,https://play.google.com/store/apps/details?id=com.republic.dash.app&hl=en&gl=ng
f3b8e9bd-4b3b-4f67-a2d3-02292d5e597f,Chicken Republic,"I order rice and chicken, e reach quick, no long thing.",5,2025-10-23,Google Play,Customer Review,https://play.google.com/store/apps/details?id=com.republic.dash.app&hl=en&gl=ng
19a68696-94ac-4b7a-b593-859155dbe320,Chicken Republic,"una sabi how to make person happy,i no go lie",5,2025-10-23,Google Play,Customer Review,https://play.google.com/store/apps/details?id=com.republic.dash.app&hl=en&gl=ng
ebbec33f-f1fd-4c0b-a00a-2d2a0c4811fb,Chicken Republic,The app is easy to use and fast delivery,5,2025-10-23,Google Play,Customer Review,https://play.google.com/store/apps/details?id=com.republic.dash.app&hl=en&gl=ng
f69cdd2f-15bb-436d-aca4-eba1a37dbd90,Chicken Republic,"Better food, no service charge, no stress. Na the combo wey make sense.",5,2025-10-23,Google Play,Customer Review,https://play.google.com/store/apps/details?id=com.republic.dash.app&hl=en&gl=ng
da574002-620b-481c-aedd-277c8fe7312a,Chicken Republic,it was okay and the delivery came in fast,5,2025-10-23,Google Play,Customer Review,https://play.google.com/store/apps/details?id=com.republic.dash.app&hl=en&gl=ng
7d3a26ee-c1af-477c-8fdc-5a45f6a2dbf4,Chicken Republic,This app sabi work pass others wey go dey add small small hidden fee.,5,2025-10-23,Google Play,Customer Review,https://play.google.com/store/apps/details?id=com.republic.dash.app&hl=en&gl=ng
22bd27ff-d1a9-4dfd-8b0d-2e4f9aa4f612,Chicken Republic,Love how clean the experience is. No service fee at all,5,2025-10-23,Google Play,Customer Review,https://play.google.com/store/apps/details?id=com.republic.dash.app&hl=en&gl=ng
7ee2bd9e-00a3-4f2d-a2cc-a13fe9a2a159,Chicken Republic,Everything was smooth from sign-up to checkout.,5,2025-10-23,Google Play,Customer Review,https://play.google.com/store/apps/details?id=com.republic.dash.app&hl=en&gl=ng
c4624736-cd56-4aca-be20-0632ab7b973e,Chicken Republic,Good,5,2025-10-23,Google Play,Customer Review,https://play.google.com/store/apps/details?id=com.republic.dash.app&hl=en&gl=ng
cb646d66-43e5-4f67-a3d5-291db763363c,Chicken Republic,Amazing service. Food was delivered in less than 20 min.,5,2025-10-23,Google Play,Customer Review,https://play.google.com/store/apps/details?id=com.republic.dash.app&hl=en&gl=ng
195517d2-a62c-4fca-9680-d25105f3d58a,Chicken Republic,The promo discount helped me save small money Thanks a lot,5,2025-10-23,Google Play,Customer Review,https://play.google.com/store/apps/details?id=com.republic.dash.app&hl=en&gl=ng
53343a9f-de9d-4df8-9994-1121ebdf52e4,Chicken Republic,"I shock say dem no collect service fee. Abeg, una try!",5,2025-10-23,Google Play,Customer Review,https://play.google.com/store/apps/details?id=com.republic.dash.app&hl=en&gl=ng
be4ef47d-b0e2-452a-be84-94ec35a1b82a,Chicken Republic,"App smooth, delivery sharp, chicken steady loud.",5,2025-10-23,Google Play,Customer Review,https://play.google.com/store/apps/details?id=com.republic.dash.app&hl=en&gl=ng
154adc6c-d446-4cf1-855f-16efe190d449,Chicken Republic,First time using it and I'm impressed tho,5,2025-10-23,Google Play,Customer Review,https://play.google.com/store/apps/details?id=com.republic.dash.app&hl=en&gl=ng
cb29afa1-37ab-40fa-ace9-ce2f56b2e7a9,Chicken Republic,the app feels light and easy,5,2025-10-23,Google Play,Customer Review,https://play.google.com/store/apps/details?id=com.republic.dash.app&hl=en&gl=ng
569b8075-ed90-4b7d-8151-3a61bcf1cd31,Chicken Republic,Very reliable app. No delivery charge is the best part for me.,5,2025-10-23,Google Play,Customer Review,https://play.google.com/store/apps/details?id=com.republic.dash.app&hl=en&gl=ng
1b1da259-55e8-44d6-a358-dbcfcb0b1928,Chicken Republic,"Na this kind delivery I like, quick, clean, and no drama.",5,2025-10-23,Google Play,Customer Review,https://play.google.com/store/apps/details?id=com.republic.dash.app&hl=en&gl=ng
f5e1b662-67b5-427f-b5c1-47f8f32dccb4,Chicken Republic,"a total 10/10. order placement and delivery was superfast, I'm not even exaggerating.",5,2025-10-23,Google Play,Customer Review,https://play.google.com/store/apps/details?id=com.republic.dash.app&hl=en&gl=ng
e43d43ed-745d-4173-86cd-8e6dd684742b,Chicken Republic,"Quality food, quick delivery, no extra cost, love it.",5,2025-10-23,Google Play,Customer Review,https://play.google.com/store/apps/details?id=com.republic.dash.app&hl=en&gl=ng
093d31a2-5971-4622-9776-130468088902,Chicken Republic,they're so so good at what they do ♥️♥️,5,2025-10-23,Google Play,Customer Review,https://play.google.com/store/apps/details?id=com.republic.dash.app&hl=en&gl=ng
fa9d30e1-4ac9-4ba4-9f32-feff4c1cfa19,Chicken Republic,"This one star is because I can't rate zero stars. You guys haven't gotten a hang of this delivery thing yet and I don't know why people aren't saying the truth Ordered since 2 hours ago, I haven't heard from the rider or the customer care you claim to have after reporting twice, Just refund me please...scammersssss, oleeeeee. You better close down your app and stop scamming people Download this app at your own risk. Definitely sticking with Chowdeck",1,2025-10-23,Google Play,Customer Review,https://play.google.com/store/apps/details?id=com.republic.dash.app&hl=en&gl=ng
fc9bf3a7-70ec-4484-be12-976150126463,Chicken Republic,loved loved my experience. Very easy to navigate and delivery was quick,5,2025-10-23,Google Play,Customer Review,https://play.google.com/store/apps/details?id=com.republic.dash.app&hl=en&gl=ng
086550f2-f8de-4bf6-ad37-0706f9accdcc,Chicken Republic,I really enjoy it thanks to chicken republic,5,2025-10-23,Google Play,Customer Review,https://play.google.com/store/apps/details?id=com.republic.dash.app&hl=en&gl=ng
d573c60d-91b2-4875-9842-11eefe803597,Chicken Republic,"No delivery fee at all, and my order came faster than I thought. thank you so much.",5,2025-10-23,Google Play,Customer Review,https://play.google.com/store/apps/details?id=com.republic.dash.app&hl=en&gl=ng
16ee4752-0583-4ccf-8f2c-fee7d7012ee8,Chicken Republic,"The best part, no service fee wahala.",5,2025-10-23,Google Play,Customer Review,https://play.google.com/store/apps/details?id=com.republic.dash.app&hl=en&gl=ng
8e97f231-25f6-4003-a66d-6405bc0c62a2,Chicken Republic,seamless,5,2025-10-23,Google Play,Customer Review,https://play.google.com/store/apps/details?id=com.republic.dash.app&hl=en&gl=ng
bb4f79cc-7891-48ca-9b9f-99f3927e26f9,Chicken Republic,I love how they focus on quality and convenience,5,2025-10-23,Google Play,Customer Review,https://play.google.com/store/apps/details?id=com.republic.dash.app&hl=en&gl=ng
1b5e7b17-66e7-4442-a54b-a06189193fe8,Chicken Republic,"the app feels light and easy to use,no delivery issue",5,2025-10-23,Google Play,Customer Review,https://play.google.com/store/apps/details?id=com.republic.dash.app&hl=en&gl=ng
51d44196-453c-448f-a9c0-28d7c8dea103,Chicken Republic,"Everything for this app make sense Delivery was fast, clean and the fee was also affordable",5,2025-10-23,Google Play,Customer Review,https://play.google.com/store/apps/details?id=com.republic.dash.app&hl=en&gl=ng
b2ffe204-7d6f-4765-b536-e19af465dd59,Chicken Republic,"Abeg, dem deserve award. Quality food and zero wahala.",5,2025-10-23,Google Play,Customer Review,https://play.google.com/store/apps/details?id=com.republic.dash.app&hl=en&gl=ng
391172f4-7a13-4c9b-be6d-8653ff9d8f43,Chicken Republic,"The discount promo na life saver, I chop better food for small money. Proper Chizkwhizz Sandwich wey I don dey crave tey tey😌🤗",5,2025-10-23,Google Play,Customer Review,https://play.google.com/store/apps/details?id=com.republic.dash.app&hl=en&gl=ng
4c406650-ad54-4ac2-a09b-4c229b1a98c4,Chicken Republic,No service fee again? Abeg na Republic Dash I go dey use now.,5,2025-10-23,Google Play,Customer Review,https://play.google.com/store/apps/details?id=com.republic.dash.app&hl=en&gl=ng
b39d63ea-c39a-41b1-a391-6c7625a93f39,Chicken Republic,"I like the transparency, what you get is what you pay.",5,2025-10-23,Google Play,Customer Review,https://play.google.com/store/apps/details?id=com.republic.dash.app&hl=en&gl=ng
69615845-e5cb-42c7-a4bc-dd089681d54b,Chicken Republic,"Omo, Republic Dash don change the game. No extra fee, no delay.",5,2025-10-23,Google Play,Customer Review,https://play.google.com/store/apps/details?id=com.republic.dash.app&hl=en&gl=ng
f692c8fa-070d-44dc-9f67-9403e792e609,Chicken Republic,The app was really easy to use,5,2025-10-23,Google Play,Customer Review,https://play.google.com/store/apps/details?id=com.republic.dash.app&hl=en&gl=ng
05316617-26a9-42ca-b09d-c04a7117c8d8,Chicken Republic,"I order, before I say Jack, rider don show",5,2025-10-23,Google Play,Customer Review,https://play.google.com/store/apps/details?id=com.republic.dash.app&hl=en&gl=ng
853f5758-6b24-4a1e-8013-f5ef0b9208bd,Chicken Republic,The app feels light and easy to use no delivery charges too. I like it.,5,2025-10-23,Google Play,Customer Review,https://play.google.com/store/apps/details?id=com.republic.dash.app&hl=en&gl=ng
66cad885-d352-4fef-9c91-0392a394d4da,Chicken Republic,"Since I download this app, I never reason any other restaurant. The food dey always hot, the rice dey enter body, and the chicken dey tear well well. God bless una chef.",5,2025-10-23,Google Play,Customer Review,https://play.google.com/store/apps/details?id=com.republic.dash.app&hl=en&gl=ng
4bd4f9a5-6bd3-4106-9a3e-fd6d0414eb60,Chicken Republic,My order came quicker than most apps I’ve used.,5,2025-10-23,Google Play,Customer Review,https://play.google.com/store/apps/details?id=com.republic.dash.app&hl=en&gl=ng
e443d453-c8e8-42f0-a639-91703f411161,Chicken Republic,QUALITY FOOD AND FAST DELIVERY. THATS ALL I WANTED,5,2025-10-23,Google Play,Customer Review,https://play.google.com/store/apps/details?id=com.republic.dash.app&hl=en&gl=ng
3bfe7467-fac9-4139-bdc9-f5e11cd09ca5,Chicken Republic,It’s the no delivery fee for me. That’s a rare find these days.,5,2025-10-23,Google Play,Customer Review,https://play.google.com/store/apps/details?id=com.republic.dash.app&hl=en&gl=ng
a25c4a50-d155-4876-9363-ad5dd51e7bff,Chicken Republic,Very easy to order. I didn’t even need to ask for help.,5,2025-10-23,Google Play,Customer Review,https://play.google.com/store/apps/details?id=com.republic.dash.app&hl=en&gl=ng
1dc64f05-8703-4f62-8e96-67bac9974a3b,Chicken Republic,this one na one app wey everybody suppose get for phone cause it's reliable and trustworthy 😋👍,5,2025-10-23,Google Play,Customer Review,https://play.google.com/store/apps/details?id=com.republic.dash.app&hl=en&gl=ng
3d1e09d0-adfb-4df6-8587-bcc98d166780,Chicken Republic,fastest and realiable,5,2025-10-22,Google Play,Customer Review,https://play.google.com/store/apps/details?id=com.republic.dash.app&hl=en&gl=ng
59c8a0f9-7b94-4970-986a-a3fc9cd133da,Chicken Republic,No service fee and food quality stays the same. Excellent,5,2025-10-22,Google Play,Customer Review,https://play.google.com/store/apps/details?id=com.republic.dash.app&hl=en&gl=ng
0a647992-6eae-43c9-a40e-b194d8b0276a,Chicken Republic,Fast service and smooth user experience every time.,5,2025-10-22,Google Play,Customer Review,https://play.google.com/store/apps/details?id=com.republic.dash.app&hl=en&gl=ng
b1c06b0c-85dc-45f4-b729-ec09b38c63ac,Chicken Republic,"Great experience so far, fast and affordable",5,2025-10-22,Google Play,Customer Review,https://play.google.com/store/apps/details?id=com.republic.dash.app&hl=en&gl=ng
2825d406-53fb-40ff-8366-4f3a104ef919,Chicken Republic,"I like how fair the pricing is, no hidden charges",5,2025-10-22,Google Play,Customer Review,https://play.google.com/store/apps/details?id=com.republic.dash.app&hl=en&gl=ng
df4345a4-88e9-4e36-a2e6-47fb80dc1886,Chicken Republic,wow! an app like this can be found on play store,5,2025-10-22,Google Play,Customer Review,https://play.google.com/store/apps/details?id=com.republic.dash.app&hl=en&gl=ng
3535392c-9ad0-44b4-a96c-805f47074412,Chicken Republic,discount promos makes this app worth keeping. I love it😍☺️,5,2025-10-22,Google Play,Customer Review,https://play.google.com/store/apps/details?id=com.republic.dash.app&hl=en&gl=ng
820c298e-a3a5-4c0a-9c23-1ab830c0f8a6,Chicken Republic,"I’m truly impressed by how smooth and reliable the experience has been. The platform is easy to use, well-designed, and helps me get things done quickly without any stress. What stands out most is their professionalism and customer support — they always respond fast and are eager to help. It really feels like they care about their users and want everyone to have a great experience. Overall, Republic Dash has exceeded my expectations. I’m very satisfied and would definitely recommend it to anyone",5,2025-10-22,Google Play,Customer Review,https://play.google.com/store/apps/details?id=com.republic.dash.app&hl=en&gl=ng
6403b4a5-9f1f-4150-a1ce-62f625c3b541,Chicken Republic,I like how simple and fast the delivery process is.,5,2025-10-22,Google Play,Customer Review,https://play.google.com/store/apps/details?id=com.republic.dash.app&hl=en&gl=ng
b0d390dd-fedf-4265-ad5b-7ff7155562ab,Chicken Republic,"No delivery charge, no service fee, no problem. Perfect combo.",5,2025-10-22,Google Play,Customer Review,https://play.google.com/store/apps/details?id=com.republic.dash.app&hl=en&gl=ng
49625626-80c3-40e9-ab72-8d54fe52609c,Chicken Republic,I noticed there’s no service fee at all. Love that transparency.,5,2025-10-22,Google Play,Customer Review,https://play.google.com/store/apps/details?id=com.republic.dash.app&hl=en&gl=ng
96d6f439-aa4c-4ace-b327-caecdb78928e,Chicken Republic,no delivery charge and the food came neatly packed,5,2025-10-22,Google Play,Customer Review,https://play.google.com/store/apps/details?id=com.republic.dash.app&hl=en&gl=ng
ff4a478e-1daf-42d7-a0f7-27fe9ec4b94c,Chicken Republic,"No delivery fee and no stress,just place your order and wait😌",4,2025-10-22,Google Play,Customer Review,https://play.google.com/store/apps/details?id=com.republic.dash.app&hl=en&gl=ng
b36b1957-ad04-4c10-b6d2-61deee795250,Chicken Republic,I appreciate the quality of packaging and quick service,5,2025-10-22,Google Play,Customer Review,https://play.google.com/store/apps/details?id=com.republic.dash.app&hl=en&gl=ng
1912bc17-5546-4538-8991-8f941f2228d8,Chicken Republic,"Delivery time was short, and everything went smoothly.",5,2025-10-22,Google Play,Customer Review,https://play.google.com/store/apps/details?id=com.republic.dash.app&hl=en&gl=ng
aa09e783-054d-415c-a64a-13d8c564aecf,Chicken Republic,Quick delivery and no unnecessary service fees.,5,2025-10-22,Google Play,Customer Review,https://play.google.com/store/apps/details?id=com.republic.dash.app&hl=en&gl=ng
1c81b353-3d37-46b9-932c-0bd7ef4a2f67,Chicken Republic,everything is in order in the app,5,2025-10-22,Google Play,Customer Review,https://play.google.com/store/apps/details?id=com.republic.dash.app&hl=en&gl=ng
d06befcc-9590-4796-9a2a-af8f51f3499f,Chicken Republic,It’s easy to navigate and the app doesn’t lag. This is good CR👏👏,5,2025-10-22,Google Play,Customer Review,https://play.google.com/store/apps/details?id=com.republic.dash.app&hl=en&gl=ng
9519d5b7-c835-413d-b355-2f3b2ab167ad,Chicken Republic,The app makes ordering simple and affordable,5,2025-10-22,Google Play,Customer Review,https://play.google.com/store/apps/details?id=com.republic.dash.app&hl=en&gl=ng
9930fde5-cbde-49be-80ae-a31ecde047c9,Chicken Republic,I’m impressed with how fast they deliver. Very efficient.,3,2025-10-22,Google Play,Customer Review,https://play.google.com/store/apps/details?id=com.republic.dash.app&hl=en&gl=ng
71abf4a6-3f49-4e86-b3af-a9f14fa8f448,Chicken Republic,Amazing,5,2025-10-13,Google Play,Customer Review,https://play.google.com/store/apps/details?id=com.republic.dash.app&hl=en&gl=ng
890e76ca-6519-4051-97ce-42a5015cef4d,Chicken Republic,"this app is not working well, nothing to show up, I have been thinking it's my network so many of your outlets is littered I uyo, akwaibom, but I can order online I'm in omugwo and I just craved chicken and chips 🍟but no way to order I'm so angry right now",1,2025-10-10,Google Play,Customer Review,https://play.google.com/store/apps/details?id=com.republic.dash.app&hl=en&gl=ng
42b3e80b-ed03-4cd9-b122-8c9b14f2a61d,Chicken Republic,"This app sucks and delivery takes sooo long. After I successfully receive this one, I'm uninstalling straight up.",1,2025-10-08,Google Play,Customer Review,https://play.google.com/store/apps/details?id=com.republic.dash.app&hl=en&gl=ng
ce18a985-7cae-4cae-b329-4d78b9eaffcb,Chicken Republic,"Shocked Google could host an app like this! This app should still be in test phase, why roll out an app for public use and be using people as guinea pigs when your development is not yet completed. Even developers don't have product knowledge because why asking me to log a complaint and then asking me to login before I can log the complaint whilst the issue is a login issue. The logic is flawed. If a new user is finding it hard to log in, this gives an insight how the app is.",1,2025-10-01,Google Play,Customer Review,https://play.google.com/store/apps/details?id=com.republic.dash.app&hl=en&gl=ng
81330df4-fda9-4c49-9397-85521b94c596,Chicken Republic,the existence was seamless. I got my food in no time.,5,2025-09-27,Google Play,Customer Review,https://play.google.com/store/apps/details?id=com.republic.dash.app&hl=en&gl=ng
53b444fb-cfb1-4c61-bac9-eea8ff40592c,Chicken Republic,VERY BAD EXPERIENCE,1,2025-09-26,Google Play,Customer Review,https://play.google.com/store/apps/details?id=com.republic.dash.app&hl=en&gl=ng
76a48db2-c14b-4034-ae83-63484bb03253,Chicken Republic,exceptional!,5,2025-09-22,Google Play,Customer Review,https://play.google.com/store/apps/details?id=com.republic.dash.app&hl=en&gl=ng
00277f3a-5da8-430f-9b74-e62308d8f318,Chicken Republic,scammers they won't deliver food it'll show delivered they're in cahoot with riders,1,2025-09-19,Google Play,Customer Review,https://play.google.com/store/apps/details?id=com.republic.dash.app&hl=en&gl=ng
0ecd8f80-3def-4cc3-ad2f-e83e07166dbe,Chicken Republic,"I can't login in to my account,it keeps showing invalid",1,2025-09-19,Google Play,Customer Review,https://play.google.com/store/apps/details?id=com.republic.dash.app&hl=en&gl=ng
845b3138-871d-4ea1-9adc-7482680ae203,Chicken Republic,Nice and lovely to have,1,2025-09-18,Google Play,Customer Review,https://play.google.com/store/apps/details?id=com.republic.dash.app&hl=en&gl=ng
5b8757d0-3487-43e3-9d7a-7affa1e1df28,Chicken Republic,"Please y'all should refund me my money, I order since morning and my order still haven't been approved, I have sent so many messages to you email but the problem haven't been resolved please y'all should do the needful",1,2025-09-18,Google Play,Customer Review,https://play.google.com/store/apps/details?id=com.republic.dash.app&hl=en&gl=ng
f6fb9876-7ab7-4a90-b4e7-b1256dc51512,Chicken Republic,"The first version before the uograde that I did today has an issue with pick up and delivery address mix up. The riders (all of the orders placed) came to me to pick up rather than deliver. When they came, I told them to go to chicken republic and the store usually had to call manually to say the order was showing as if they were expecting it. When the app requested for an upgrade today, I thought the issue would been fixed but the app stopped working completely. It says it does not deliver.",1,2025-09-18,Google Play,Customer Review,https://play.google.com/store/apps/details?id=com.republic.dash.app&hl=en&gl=ng
3687067b-45fb-4f19-839f-2cf98f405290,Chicken Republic,keeps glitching. it's so slow.,1,2025-09-09,Google Play,Customer Review,https://play.google.com/store/apps/details?id=com.republic.dash.app&hl=en&gl=ng
9c913cf5-f803-483a-9311-edb06380d67e,Chicken Republic,Very nonsense app. I didn't get my food after ordering,1,2025-09-08,Google Play,Customer Review,https://play.google.com/store/apps/details?id=com.republic.dash.app&hl=en&gl=ng
3528893a-17a6-4529-9cd0-20490fb5ccfb,Chicken Republic,What kind of app is this??? it's too slow. Me I've uninstalled o,1,2025-08-28,Google Play,Customer Review,https://play.google.com/store/apps/details?id=com.republic.dash.app&hl=en&gl=ng
a5dfe45e-f681-4386-b684-fd100932eef1,Chicken Republic,"too slow,take more than an hour to accept order after payment. these people are scammers. don't send ur money.",1,2025-08-26,Google Play,Customer Review,https://play.google.com/store/apps/details?id=com.republic.dash.app&hl=en&gl=ng
61251061-169a-4294-ab42-c6ab0e19afc8,Chicken Republic,"it was nice sha,but please follow the right location next time",5,2025-07-23,Google Play,Customer Review,https://play.google.com/store/apps/details?id=com.republic.dash.app&hl=en&gl=ng
1449b5e0-4fe0-43ce-904c-c549fbe0e6e1,Chicken Republic,scam app order a meal and it has not been delivered in months,1,2025-07-14,Google Play,Customer Review,https://play.google.com/store/apps/details?id=com.republic.dash.app&hl=en&gl=ng
8bcaf51f-fe2a-4133-9eb3-1a9a475c1b55,Chicken Republic,Stuck on first page,1,2025-07-01,Google Play,Customer Review,https://play.google.com/store/apps/details?id=com.republic.dash.app&hl=en&gl=ng
28295b3f-dad9-4797-ba35-1b9e7e9d7d25,Chicken Republic,I can log in I write my address and still I can log in,1,2025-07-01,Google Play,Customer Review,https://play.google.com/store/apps/details?id=com.republic.dash.app&hl=en&gl=ng
5529f8fe-a300-461c-b3c7-f878d045fdbb,Chicken Republic,the app is not working,1,2025-06-30,Google Play,Customer Review,https://play.google.com/store/apps/details?id=com.republic.dash.app&hl=en&gl=ng
