id,text,human_label
cb02c0c5-c61e-48fe-8c7d-249988d5175d,"awesome, I love it",
88e3b6a6-ddc5-44db-b43d-2777834e05d7,why is opay showing not compatible with my device anymore ???,
05e2a7ac-aee9-48d1-8a60-91789fcf48ef,nwbbebnebne mm m mm n we mm mm NN me nme mm on mm mm nnpnh p mm m2p mm enemn mm mm NN mm e mm enemn mm mm wbnnmñennwnemmb bwmemwmmemeebme mm mepenw welbmogwl all mm jwww Lulu 2wlmebw2wwwenlpw mm m mm mm mm mm mm mm mm mm mm mm m mm m mm mm mwn,
f9c89dfd-5d2f-4c01-8844-497e80ddc085,transaction,
5bb7f9e5-7ac8-4227-89fc-e69e6fa8b496,so demur,
151ab8ff-beed-4d94-979b-a1a207725dc6,ADVISE AND DECIPLINE OF LIFE,
b9672975-4356-40bc-9c76-e27e69cbcb6a,it's helped in my business a lot... like once I received a scam alert and confirmed it was true..it saved me thousands...,
dba5940e-3b9e-4491-a97c-734b31dc274a,Opay is doing really well with their services,
1cb5b3fb-fb07-4f9c-90aa-f6a7091d4c5f,it is a good and quick app to transfer cash. I like it. The app is very transparent in its operation.,
7a5c5574-a286-4b94-a8f6-b7493644066a,Opay app very good and active I have never have any issue with this opay app is one of the best online banking I have ever come across I love opay so much I will keep using this app because is the best one love to open user ❤️,
aa117792-ad1b-4db6-95d1-73d3540d9803,good app is very better fast withdrawal,
367e9eba-2fe4-4616-95f5-c47da1d6107f,Opay are so exceptional.Sometimes I'm speechless cause this very Opay there are really trying,
7b22a776-b17d-407b-a344-cf37d4a350de,Opay developers are indeed lives safers... the excellences performance of the app is nothing but great 😃,
bd34ef1a-7571-4067-923c-ba3c761bcb43,too slow,
bc51933d-6709-4283-9d54-fc39f9344a3f,Opay never fails 💯,
60354e5b-54da-4aac-aa93-c12a0d9a8f61,excellent💯,
835e3263-1b92-4b4d-a899-75e74127f3fd,I don't like seeing this advert please,
db1b77fd-5833-4560-b562-90aac2c3470a,U people are the best.it is fast and it is easy to use.wit no.i love opay.everythings is fine about opay u guys are the best when it comes to network banking app.,
d53a6bc2-f747-48df-9ba0-63d4cef14ddb,best microfinance bank in Africa!!!,
a29cf47e-d97f-4daf-b035-904945d0b94e,"I’ve been using OPay for a while now, and honestly, it has made my daily transactions much easier. Transfers are quick, the app is simple to use, and I can pay bills without stress. Overall, I’m happy with my experience.But the electricity bill usually pend .",
193a684c-8e14-470e-b46e-8400e8e4c919,it takes forever to open the app. also to make transactions. The app just too slow,
638aa459-20b6-49f0-9691-c0c3cb0f38e7,"U k,, A A.",
de62644e-b803-4a67-880a-c2646a3b7d34,exceptional,
b4db8c7e-f394-4f6d-b796-aedc2901b1e0,"please why is your app saying it's not compatible with my device anymore, please fix this",
b1258d9d-d370-4921-9dbf-9ad80acc2a1f,my daily transaction as been more better than when I have use opay,
f424f70b-db75-4349-8e59-909db805e4c8,"Opay is the Best banking App of all time. It is flexible, easy to use with a friendly interface which is very transparent to both the sender and the receiver. No network failure, no network glitch. Sender sends money in less than 10s and receiver receives it in less than 5s. If there's a 100 star rating, I will 100% choose OPAY.",
e1a725ed-75ac-4910-8d3a-51b591f59663,this app is very good 👍,
eecd7e6b-479f-4a75-aad1-56a6cef54fe9,I am supposed to give you 5 star 🌟 but ur app takes long to open sometimes which I don't like,
ed4c74ef-b761-45d2-bd37-bb4a9c0a0333,I need a new loan offer or a wave off,
f97e5b12-5361-457c-a26e-504b2fd738ce,sweetest and so easy to use,
0da2e89c-0064-4a90-82a8-22e299638aa3,opay why are you always declined my loan for the past 4weeks,
479264ac-be2e-4deb-99d9-360fae36e6ba,everything about opay is fast and easy keep em up🙌🏽,
d24d177f-16dc-41ff-8017-069d5fe46bdd,I need the app please my on get problems,
786cb1be-ad80-4eec-8710-6a76f404c00e,Daniel Nehemiah,
8f8e7db2-af0e-4c88-a4c8-14272e6859e1,Very fast and easy.,
63cc2f65-25e5-40ad-b258-640b07f6f53a,taiwo fagbemi 123Movies,
d05fc268-cf1f-4a0e-bbc8-d74a295d28a0,The network always 100 percent,
06072776-3e9d-4551-b1ef-8f2e5815ebb1,"Swift transactions, but I'm having problem downloading the new update",
b99ca826-7c38-4988-b304-2d3dfaa32097,Smartest Bank Ever,
853aa797-f082-4411-99d2-a2b12511ee15,The most effective bank I have ever used and their app is even better,
80fd8188-ccc8-482c-9363-4033f656863f,"very effective, easy to transfer and well connectivity it realible and fast.",
985677e9-a10d-4d48-b848-85f9678f521b,"my opay app haven't opened for the past one week, saying that I don't have an internet connection, but once I open other banking apps it will open immediately 😡",
0ab6d6e1-ef7f-4067-8842-f049467be3a6,plinko 🎯 search android to urs,
ef08f842-3bb0-4155-b274-2beb9d9fbcd4,so reliable😃 an trusted,
49186297-c455-4162-885e-0740737aa9c0,very easier,
f2ebea49-b606-4fb4-bdda-ac481ed42cb6,"for the umpteenth time, include a toggle on notification for users to select which push notifications they want. You send too many unsolicited and annoying push notifications. Disabling notifications at app level will affect transactions notifications as well but like every other app on existence, users can select! Allow users to disable those unsolicited & extremely annoying notifications!",
52c73bc1-84ed-4580-a885-4f552810c2dc,this is an easy at home work and it's faster,
eb007600-5508-441e-851a-99c745f80e3b,excellent and smooth banking ❤️,
9e08f14d-7a11-4dca-8ae0-c781aaae9a35,"The best app is here! Is very easy for transaction, No network problem. and for the SMS Alert why not showing the sender name in the credit alert message. what if I have not using app.",
43a9ed4b-a730-4bcf-9b2a-7b382983c4d2,doing great,
72d1a79c-6f79-420d-ae9e-b42856efc2e6,the most annoying thing is that how can you just abandon my whole entire review about this app and you guys refuse to do anything about it why open is trash talking this app until you guys answer me and make me be able to update it😠😡😡 because I've been trying to do everything they said I should do I've tried everything and it will not still working opay is trash and repeat opay is trash,
2ddb2689-ca29-42f2-8737-281b87fe0a67,yes it's me,
6c239ad6-a6b4-4f16-bc1b-05c00faf3ec7,exceptionally well and easy to use,
c76f24a0-ced4-4b1d-a065-fe8a72a6ae66,"it's really good having a wonderful app like this,I give it my all!",
b522160e-7df3-4f04-9c3c-fdef8ea9047f,"very interesting, & Amazing an how they are attending customers especially when there is issued in transaction I really appreciate that",
b2782238-d562-4dd5-9d13-45130287c43c,faster and durable more reliable than most Banks. with Opay Transactions life is Good,
9103bc0b-8561-4f21-8ed5-e7dedaed1b33,It's a swift experience with Opay.,
b02c537b-45ed-4e28-8629-b27611c63160,Fast transaction,
729c136e-f8d9-4e99-b979-4df035d6b162,opay is the greatest without it life will not be easy,
6a521dab-5311-4dc0-8ed9-0e9835ba277d,the Best Fin tech bank for a reason,
817364d3-c49e-45dd-8c07-66ab7df06210,Always swift,
f05e45b1-ed19-4742-8758-8b804737307d,abdullahi,
c831ad81-8919-4789-a120-a2651c72ed55,"When buying airtime lately, my beneficiary list doesn't show most of the time. I have to type the nunber again manually. Fix this and I'll increase my review.",
987b216e-b3b4-401d-a0d9-cdd4fcb29bf6,I am okay with opay,
66327599-208c-4ed8-89b7-e8194991d81b,the updated version is terrible. its way too slow. you can do better,
d74ec926-76cb-4ad6-a69f-233c428bb2ef,satisfying,
4b89f422-71dc-4695-89f8-566d8ccd5090,best banking app ever.. please am having problem with my account it's restricted from transactions have did all the nessery things opay ask but still haven't released my account.. please help,
a67eadba-07db-4654-b9c9-6bbc29b5c177,my experience with you guys is very bad especially in loan aspects can you imagine I got a loan from you and I pay back before the due date and today you guys still deducted my money saying is for repayment of the loan I collect which I have already pay this is very bad and I try contacting your customer care but no one pick call or live chat I'm really frustrated right now,
8364f064-8ebd-4c20-b2e8-fc1bd1f7d5c4,Honored,
fcec6883-c9af-4b7d-89a6-2e52be9ea20d,"simply the best money app so far but I still have a bit of a problem with you and that's in the area of the fact that my account holds a tier 3 level which means my transactions both outbound and inbound would be unlimited but I was sad to notice that I can't even receive up to 3 million naira in my account and I can't even send out the equivalent and each time I've managed to speak with your customer care agents, the results have always been very very poor with lesser solution in view",
cbe45de3-8141-4fe1-8ca2-7646e0e3aafc,"Need to clarify source of fund for transfer, and debit accordingly.",
ba69a8a4-0da5-4c5a-8cbf-1552c5fd561b,My account got frozen and the money in it wasn't that big,
009e9d1a-d8db-4bf4-93f7-b511d2bf0365,the worst ever in egypt,
4385b93c-d955-48ee-b4bb-65fad7833a70,I don't wanna see this again,
2eb48075-6cb0-4540-8db9-2ed645687537,You are indeed beyond banking,
b8e95161-2349-4a62-806f-9a4e34a2964f,"very easy to use but the Loan interest rate is too much, please try and reduce the internet rate for Me",
46aea374-d508-424a-ba5b-2446a83087b7,If Opay can remove face confirmation and use passwords for checking card details or other things then I'll rate them over MoniePoint. Choosing cumbersome banking Over stress free banking is wild. You're trying to protect users account but you're suffering the user meanwhile the pin alone would suffice.,
f1e14b55-eb73-49f7-9c07-2f1a2e91b407,Easiest and fastest banking app,
fd5be953-78ec-47c5-b71f-e963269c61fc,I don't like the fact that USSD cost 10naira,
9374aeda-b6f7-4893-8cbe-0a9f1f6244e8,it's so fantastic,
fcfb2a44-ccb5-4851-8a4f-acea31fc0342,it's not bad but why is the promo not working,
ee149f34-e864-4e88-93ec-7078a714533b,loan time experience,
9d069ced-bf4d-41c7-a39f-e85dd1f0f574,please i need help,
a5a20d53-962e-4fdd-a072-aaef3116ab65,opay should increase the days of account freezing like for example from 24 hours more than 72 hours like 10 days or more than,
83a4239e-9dd0-41ca-933e-4dd024734364,Improving,
0265462a-22e5-4ab7-ac99-ee534bd4ab5c,I love this app so fast and reliable,
cf939722-5431-42ee-84bb-614b9b6f20b7,Nice experience 😁,
2b0aec97-111c-4c22-a8e2-fb23e7c94d71,"Muna mutukar godiya da kamfanin Opay,",
a799b129-d984-45de-9857-8f5ba46fd5c2,Good life faster,
94896233-a2e2-49ec-9c64-9cb1703667ae,"Opay service is superb, it worth 5 star, but four them.",
1ce38b45-0dea-4fda-8893-d68b442b5932,fantastic 😍,
608df0a0-0a39-4453-b72b-f35c7f2aa214,I don't know how this app is not allowed in my device please 🙏 help me recover it,
54fa1a6a-527f-4d26-a4d7-0ce8d7f61b72,"i don't like the app , putting fake date to loan payment",
81812a11-1205-4872-b722-494cbc05bac8,This app really help me in my trading bcus life has changed everybody with his/her phone to do transfer nobody with cash nowadays in fact it's really tried on me o. b4 I have this app my goods not fast at all.,
de5f7650-35d6-4578-863b-6113ab2dc247,customer support on here is extremely difficult to relay your issue across. it's very slow. pending request lasting more than 7 business days even. please work on your customers care,
21c93cae-ae49-4e0b-a657-1c650934ff05,it is not downloading very fast,
b2850a51-8050-4dd0-9677-d02567ae771d,"one out of a million, can't be compared, keep up the good work",
38296c01-248c-416b-97a6-993a18c75c51,Dan fadima uke optional,
7c7ec99e-0990-4688-8727-fa5b87f01dfa,"I'm rating 2 due to my experience, lately since this year opay has been so unreliable especially when you're in haste of making a transaction urgently. apparently their network has been so lame, they should work on it, it's annoying.",
5eda11be-494b-4634-8724-06afc4c61e1f,to be honest with you this app is really really good and it is very very helpful and fast in transaction,
